品項	填入者	同義詞	登錄	難丟的原因1	難丟的原因2	圖層評估	可分解為哪些部分/材質（for網站）	材質備註	可分解為哪些部分/材質	回收前使用者應做什麼處理	處理步驟備註	使用建議（替代方案）	處理後應該丟哪一類?	處理備註	回收狀況	使用場域	各縣市回收狀況	回收率	資源化比例	資源化比例	文案	內容撰寫QA（vs. REnato）	字數統計	標籤	補充說明	祝福文案	年使用量	有多少廠商願意回收	後續處理流程（可回收/不可回收）
手搖飲料杯（示範格式）		手搖杯、飲料杯、一次性飲料杯、珍珠奶茶	◯	-	-				"吸管-PP/PE
封膜-PP/PE
塑膠杯-PP"	清洗或清理、分解零件			"吸管-一般垃圾
封膜-一般垃圾
塑膠杯-塑膠容器類"		部分可回收	1,2,5,6	"不可回收
不可回收
可回收"	"一般垃圾
一般垃圾
塑膠容器類"
塑膠飲料杯	Re-lab	手搖杯、飲料杯、一次性飲料杯、珍珠奶茶、手搖飲、紅茶、綠茶、QQㄋㄟㄋㄟ好喝到咩噗茶、四季春	◯	使用-回收前需要分離/沖洗		複雜	"吸管-塑膠（PP/PE/PLA）
封膜-塑膠（PP/PE）
塑膠杯-塑膠（PP）"		"吸管-塑膠（PP、PE）
封膜-塑膠（PP、PE）
塑膠杯-塑膠（PP）"	清洗、撕除封膜、正確分類		使用環保杯啦！	"吸管-一般垃圾
封膜-一般垃圾
塑膠杯-塑膠容器類"		部分可回收	1,2,5,6,7	"吸管-不可回收
封膜-不可回收
塑膠杯-可回收"	塑膠容器類：45.79%	廢塑膠容器：93.77%	廢塑膠容器：93.77%	沒事就想來杯手搖飲料犒賞自己嗎？近年廠商除了可以回收的 PP 塑膠杯外，還可能選用號稱生物可分解的 PLA 塑膠杯。雖然如果上頭有回收標誌的都請丟入資源回收，但是像是「其實不是塑膠」的 PLA 杯最後還是會被挑出以焚化處理。盡可能自備環保杯購買，可以享折扣又減少垃圾喔！	 	135	A		飲料就會打翻在包包裡
紙飲料杯	Re-lab	手搖杯、飲料杯、一次性飲料杯、珍珠奶茶、手搖飲、紅茶、綠茶、QQㄋㄟㄋㄟ好喝到咩噗茶、四季春	◯	處理-價格誘因低		複雜	"吸管-塑膠（PP/PE/PLA）
封膜-塑膠（PP/PE）
紙杯-紙
塑膠淋膜-塑膠（PE/PP）"		"吸管-塑膠（PP、PE）
封膜-塑膠（PP、PE）
紙杯-紙
塑膠淋膜-塑膠（PE、PP）"	清洗、撕除封膜、正確分類		使用環保杯啦！	"吸管-一般垃圾
封膜-一般垃圾
紙杯-紙容器類
塑膠淋膜-@紙杯"		部分可回收	1,2,5,6,7	"吸管-不可回收
封膜-不可回收
紙杯-可回收
塑膠淋膜-不可回收"	紙容器類：63.97%	廢紙容器：63.97%	廢紙容器：63.97%	塑膠不環保，用紙杯吧！事情哪有這麼簡單。紙包不住火、也包不住水，能夠裝飲料是因為內有一層塑膠淋膜。雖然可以與紙餐盒等有塑膠淋膜的紙容器一同回收，廢紙還能回收，但分離出來的淋膜就會被焚化處理，所以還是多自備環保杯購買吧。		109	A		飲料就會打翻在包包裡
保麗龍飲料杯	Re-lab	手搖杯、飲料杯、一次性飲料杯、珍珠奶茶、手搖飲、紅茶、綠茶、QQㄋㄟㄋㄟ好喝到咩噗茶、四季春	◯	處理-價格誘因低		複雜	"吸管-塑膠（PP/PE/PLA）
封膜-塑膠（PP/PE）
保麗龍杯-塑膠（PS）"		"吸管-塑膠（PP、PE）
封膜-塑膠（PP、PE）
保麗龍杯-塑膠（PS）"	清洗、撕除封膜、正確分類		使用環保杯啦！	"吸管-一般垃圾
封膜-一般垃圾
保麗龍杯-塑膠容器類"		部分可回收	1,2,5,6,7	"吸管-不可回收
封膜-不可回收
保麗龍杯-可回收"	塑膠容器類：45.79%	廢塑膠容器：93.77%	廢塑膠容器：93.77%	雖然近年政府逐向各大業者勸導避免使用保麗龍杯，但至今仍可以買到保麗龍杯裝的飲品。保麗龍杯雖然是可以保冰，材質又能回收，但不耐酸蝕，使用可能釋放有害物質，處理的過程也可能碎成淨灘時最難撿的的微塑膠，為了環境與自己的健康，建議少用吧！		115	B		飲料就會打翻在包包裡
牛奶盒	Re-lab	牛奶紙盒、豆漿	◯	處理-組成物品的材質複雜		複雜	"紙盒-紙
塑膠淋膜-塑膠（PE/PP）
塑膠旋蓋-塑膠（PP/PE）"		"紙盒-紙
塑膠淋膜-塑膠（PE、PP）
鋁箔-鋁
塑膠旋蓋-塑膠（PP、PE）"	清洗、正確分類			"紙盒-紙容器類
塑膠淋膜-@紙盒
塑膠旋蓋-一般塑膠類"		可回收	1,2,5,6,7	"紙盒-可回收
塑膠淋膜-不可回收
塑膠旋蓋-可回收"	紙容器類：63.97%	廢紙容器：63.97%	廢紙容器：63.97%	可以裝盛著牛奶的紙盒其實是因為裡面有一層 PE 或 PP 的塑膠淋膜，牛奶喝完後以水沖洗乾淨後，就可以跟其他廢紙容器交給清潔人員回收處理。塑膠瓶蓋也不用特別拿下來，回收廠會處理喔！		90	A		牛奶就會打翻在包包裡
熱咖啡杯	Re-lab	7-11咖啡、全家咖啡、咖啡杯、咖啡紙杯、超商咖啡杯	◯	處理-不同材質難以分選		複雜	"塑膠杯蓋-塑膠（PP）
紙杯-紙
塑膠淋膜-塑膠（PE/PP）
隔熱杯套-紙"		"塑膠杯蓋-塑膠（PP）
紙杯身-紙
塑膠淋膜-塑膠（PE、PP）
隔熱杯套-紙"	清洗、分解零件、正確分類		使用環保杯啦！	"塑膠杯蓋-塑膠容器類
紙杯-紙容器
塑膠淋膜-@紙杯
隔熱杯套-紙類"		可回收	1,2,5,6,7	"塑膠杯蓋-可回收
紙杯身-可回收
塑膠淋膜-不可回收
隔熱杯套-可回收"	紙容器類：63.97%	廢紙容器：63.97%	廢紙容器：63.97%	每個成功的女性、男性背後，不一定會有支持你的伴侶，但大多有一杯陪你度過一天爆肝燒腦的咖啡。喝完後，紙杯可以與廢紙容器回收，PP 材質的塑膠杯蓋可以廢塑膠容器回收，但如果你每天都需要一杯咖啡，不如自備個杯子，還能享有環保優惠呢！		113	A		熱咖啡就會打翻在包包裡
養樂多	Re-lab	多多、乳酸飲料	◯	處理-價格誘因低		"◯
"	"鋁製封膜-鋁
塑膠瓶-塑膠（PS）"		"鋁製封膜-鋁
塑膠瓶-塑膠（PS）"	清洗、撕除封膜、正確分類			"鋁製封膜-一般垃圾
塑膠瓶-塑膠容器類"		部分可回收	1,2,5,6,7	"鋁製封膜-一般垃圾
塑膠瓶-塑膠容器類"	塑膠容器類：45.79%	廢塑膠容器：93.77%	廢塑膠容器：93.77%	你知道嗎？你喝的養樂多是用「保麗龍」裝的喔！養樂多容器其實跟保麗龍本是同根生，只是製成不同。通常大家喝完可能會跟吃完的便當一起丟入一般垃圾中，但其實應該清洗後跟廢塑膠容器一起交給回收人員，而瓶口含鋁的封膜則丟到一般垃圾。		110	B		養樂多就會打翻在包包裡
雨傘	Re-lab	陽傘、傘	◯	使用-民眾不知道如何回收		◯	"傘骨-鋁/鐵
傘布-尼龍布
握把配件-塑膠"		"傘骨-鋁、鐵、玻璃纖維樹脂
傘布-尼龍布
握把配件-橡膠、塑膠、木、 鋁"	分解零件、正確分類			"傘骨-鐵製品類
傘布-一般垃圾
握把配件-一般塑膠"		部分可回收	5,6	"傘骨-可回收
傘布-不可回收
握把配件-不可回收"	"無資料

"	-	-	雖然雨傘的本質是遺忘，但如果你有幸真的可以把一支用到壞，塑膠傘布跟木頭製的握把應該拆解下來後丟入一般垃圾，而鋁、鐵等金屬製成的傘骨與塑膠的握把則回收處理。仔細拆解後回收不只是讓資源好好再利用，更是向雨傘表達至今以來為我們遮風避雨的感謝之情啊！		121	B		雨傘會一直被拿走
安全帽	Re-lab	安全帽	◯	使用-民眾不知道如何回收		複雜	"外殼-塑膠（ABS）
緩衝內裡塑膠-塑膠（PET）、棉
保麗龍-塑膠（PS）
扣件-塑膠（POM/PA/ABS）"		"外殼-塑膠（ABS）
緩衝內裡-塑膠（PET）、棉
保麗龍-塑膠（PS）
扣件-塑膠（POM、PA、ABS）"	分解零件、正確分類			"外殼-@緩衝內裡
緩衝內裡-一般垃圾
保麗龍-@緩衝內裡
扣件-@緩衝內裡"	桃園市需拆解後回收，臺北市可不拆解直接回收	其他	5	"部分縣市可回收：桃園市
部分需拆解後回收，可不拆解直接回收縣市有臺北市"	"無資料

"	-	-	安全帽如果不再使用時你會怎麼處理呢？其實安全帽的組成包含了：外殼的 ABS 樹脂、夾層內的 PS 保麗龍，緩衝內裡可能使用了 PET 或棉，扣件可能包含了各種塑膠跟金屬。部分縣市如桃園市可以拆開後分別回收，而台北市則可以不拆解直接交給清潔隊。	有一些產品內襯會使用PET	121	B		安全帽就會被偷走
夾腳拖	Re-lab	拖鞋、人字拖	◯			✕	夾腳拖-複合材質	PVC / EVA / TPU 等塑膠彈性體	"不須拆解
鞋底-PVC、EVA、TPU等塑膠彈性體
鞋帶-PVC、EVA、TPU等塑膠彈性體"	正確分類			夾腳拖-一般垃圾		不可回收	5	不可回收	-	0%	0%	夾腳拖的材質通常為 PVC、EVA、TPU 等彈性橡塑膠，因為複合材質混雜，回收效率差，幾乎只能直接丟入一般垃圾焚化或掩埋。最好的辦法還是穿久一點，或在一開始就挑選品質更好、耐久的。是說，海邊也很常撿到廢棄拖鞋呢，去海邊時不要不小心搞丟呀！		120	B		夾腳拖人字的地方會斷掉
鋁罐	Re-lab	啤酒罐、可口可樂、可樂、啤酒、百事可樂、雪碧、汽水	◯			✕	鋁罐-鋁		不須拆解-鋁	清洗、壓扁或攤平、正確分類			鋁罐-廢鐵鋁容器		可回收	1,2,5,6,7	可回收	廢鐵鋁容器：45.79%	廢鐵鋁容器：97.82%	廢鐵鋁容器：97.82%	每到夏天就可能會想來點清涼的飲料，除了手搖飲料跟瓶裝飲料外，罐裝的汽水、啤酒常也是熱門選擇。鋁罐的材質主要為鋁，因為它質地輕、抗酸的特性而成為飲料包裝的首選。雖然環保署公告回收率不高，但鋁罐在市場上回收率還算高的。		107	A		易拉罐拉環會斷掉
玻璃瓶	Re-lab	啤酒瓶、酒瓶、酒精瓶、可樂、台啤、台灣啤酒	◯			◯	"玻璃罐-玻璃
瓶蓋-鐵"		"玻璃罐-玻璃
瓶蓋-鐵"	清洗、正確分類			"玻璃罐-玻璃容器類
瓶蓋-鐵製品類"		可回收	1,2,5,6	可回收	玻璃容器類：78.63%	廢玻璃容器：97.21%	廢玻璃容器：97.21%	玻璃即使號稱有好棒棒的高回收率，但因為質重所以業者回收意願低；因為易碎，所以回收運送過程中經常會破碎混雜，這些都會影響讓玻璃的重生之路無比艱辛。盡可能妥善收集、乾淨分類，或家中的玻璃瓶盡可能重複使用，特殊的玻璃瓶（如米酒）交由業者回收還能換取回退瓶費呢。		127	A		玻璃瓶就會打翻在包包裡
髒髒塑膠袋		塑膠袋、油油的塑膠袋、外食、外帶	◯	◯	◯		透明塑膠袋-塑膠（PE/PP）		不需拆解-塑膠（PE、PP ）	正確分類		自備餐盒、使用環保袋	髒髒塑膠袋-一般垃圾		不可回收	1,2,3,4,5,6,7	不可回收	-	-	-	塑膠袋雖然可以回收，但其實是「乾淨、透明限定」，如果是不透光、或裡頭有食物殘渣、油漬等的塑膠袋，就失去了回收價值。一般在外帶像是湯麵等食物的塑膠袋，其實後續都沒辦法回收。其實這樣講，無法被回收的塑膠袋其實很多呢！		106	C		看電影都會被後面的人踢椅背
網購紙箱	Re-lab	網購包裝、紙箱、Pchome、Momo、網路購物	◯	使用-回收前需要分離/沖洗		◯	"膠帶-塑膠
箱體-紙"		"膠帶-塑膠
箱體-紙"	撕除膠帶、正確分類			"膠帶-一般垃圾
箱體-廢紙類"		可回收	2,5,6	"膠帶-不可回收、
箱體-可回收"	-	-	-	網購真的很方便，但在台灣一年就產生了 1 億個包裝垃圾。現在環保署和網購業者也開始著手，規範現有包裝（例如：體積小的產品不能用這麼大的包裝），也有循環包裝讓消費者可以歸還包裝再利用。希望找到更好的選擇。而我們個人，也可以在消費前好好思考，減少不必要的過度消費，愛護地球和荷包。		138	A		網購會一直寄錯超商
寶特瓶	Re-lab	寶特瓶、塑膠瓶、茶裏王、原萃、綠茶、氣泡水、紅茶、運動飲料、可樂、汽水、瓶裝水、雪碧、礦泉水	◯	使用-回收前需要分離/沖洗		◯	"瓶蓋-塑膠（PP）
寶特瓶-塑膠（PET）
塑膠套-塑膠（PVC/PET）"		"瓶蓋-塑膠（PP）
寶特瓶-塑膠（PET）
塑膠套-塑膠（PVC、PET）"	清洗、壓扁或攤平、正確分類	鎖上瓶蓋、不用撕塑膠套	自備環保杯啦！	"瓶蓋-塑膠容器類
寶特瓶-塑膠容器類
塑膠套-塑膠容器類"	丟棄時不需撕除塑膠套、也不需分離瓶蓋	可回收	1,2,5,6,7	可回收	塑膠容器類：45.79%	廢塑膠容器：93.77%	廢塑膠容器：93.77%	"寶特瓶都是塑膠，但瓶身、瓶蓋、標籤紙分別是三種不同的材質： PET、PP、PVC，回收時要拆開嗎？

答案是不拆！因為先拆開反而讓瓶蓋在處理過程中跑不見，降低回收的比例。其實只要簡易沖洗、壓扁後蓋上瓶蓋，就可以回收了。在工廠內會經過機器破碎後，以不同材質密度的差異分離，如此，瓶蓋才會被好好回收。"		148	A		打開可樂時會發現都沒氣了
衣架	Re-lab	衣架、曬衣架	◯	處理-組成物品的材質複雜	使用-民眾不知道如何回收	◯	"衣架-複合材質
尖端保護套-橡膠"	衣架本體含塑膠（PVC）、鐵	"衣架本體-鐵、不鏽鋼、塑膠
尖端保護套-橡膠"	分解零件、正確分類			"衣架-鐵製品類
尖端保護套-一般垃圾"		部分可回收	5	"
衣架本體-
金屬製：可回收
塑膠製：可回收
木製：不可回收
尖端保護套-不可回收"				由於材質的關係，衣架用久了也會有變形或是生鏽的問題，難免淪為生活中的消耗品。除了拆下尖端的保護套後直接交由回收人員回收外（有塑膠皮的金屬衣架一樣請這麼做喔），其實運用一些小巧思，可以將這些舊鐵絲再製成生活鐘的各種便利小物，重新賦予這些曬衣架新的生命。	建議將尖端保護套拿掉，因為不是所有的衣架都有，且衣架材質不僅限於鐵製	125	B		衣服都會忘記晾
生鮮托盤	Re-lab	生鮮、沙拉盒、超商托盤、食物包裝	◯	使用-民眾不知道如何回收	處理-價格誘因低	◯	"托盤-塑膠（PS/PLA）
保鮮膜-塑膠（PE/PVC/PVDC）"		"托盤-塑膠（保麗龍、PLA）
保鮮膜-塑膠（PE、PVC、PVDC、PMP）"	分解零件、正確分類		可改去傳統市場等地購買無包裝食品	"托盤-塑膠容器
保鮮膜-一般垃圾"	部分生鮮托盤材質為PLA，則不可回收	部分可回收	1,5,6	"托盤-可回收（pla不可回收）、
保鮮膜-不可回收"	塑膠容器類：45.79%	廢塑膠容器：93.77%	廢塑膠容器：93.77%	為了保鮮和防撞，包裝是門大學問：保鮮膜可能有4、5種不同的材質，但回收效率差的膜狀塑膠通常直接丟入一般垃圾。而托盤有可能是發泡塑膠 PS 或是生質塑膠 PLA，發泡塑膠可以清洗後回收，PLA 依規定一樣請丟回收，只是最後會被挑出焚化處理。最好的方法還是帶著環保袋跟盒子到傳統市場選購裸裝的食材吧！	這裡指的應該是塑膠的托盤，材質應該要寫PS/PLA（懋）	148	B	字數無法再少了QQ	唐老師的星座週運勢會漏掉你
泡麵碗	Re-lab	紙碗、陽春麵碗、免洗紙碗	◯	使用-回收前需要分離/沖洗	處理-價格誘因低	複雜	"上蓋-複合材質
保麗龍碗-塑膠（PS）
塑膠淋膜-塑膠（PP）"	上蓋材質包含塑膠（PE）、鋁、銅版紙	"上層
碗-紙, 塑膠（保麗龍）
塑膠淋膜-塑膠（PP）
油包-採多層材質，依序有ONy、PE、PE
粉包-採多層材質，依序有PET、PE、鋁箔、PE
調理包-採多層材質，依序有PET、鋁箔、ONy、CPP"	清洗、分解零件、正確分類			"上蓋-一般垃圾
保麗龍碗-塑膠容器類
塑膠淋膜-@保麗龍碗"		部分可回收	1,2,5,6	碗-可回收	塑膠容器類：45.79%	廢塑膠容器：93.77%	廢塑膠容器：93.77%	無論是作為颱風天的儲備糧食，或是月底薪水進帳前共患難的戰友，泡麵一直是許多人的櫥櫃良伴，但吃完一碗熱騰騰的泡麵後，你會怎麼處理呢？由複合鋁箔或塑膠包裝的調味料跟封蓋丟入一般垃圾，而有淋膜的紙碗經過沖洗、擦去油脂後就可以跟廢紙容器一起回收囉。		120	A		打開泡麵會發現沒有附調味包
紙便當盒	Re-lab	便當盒、外帶便當、排骨便當、雞腿便當、池上便當、午餐便當	◯	使用-回收前需要分離/沖洗	處理-組成物品的材質複雜	複雜	"紙容器-紙
塑膠淋膜-塑膠（PE/PP）
橡皮筋-橡膠"		"紙容器-紙
塑膠淋膜-塑膠（PE、PP）
橡皮筋-橡膠"	清洗、正確分類		自備環保容器	"紙容器-紙容器類
塑膠淋膜-@紙容器
橡皮筋-一般垃圾"		部分可回收	1,2,5,6,7	"紙容器-可回收、
橡皮筋-不可回收"	紙容器類：63.97%	廢紙容器：95.74%	廢紙容器：95.74%	「午餐吃什麼」大概是台灣人心中最難解的哲學問題沒有之一，這時便宜均衡的便當就是不敗選擇。很多人吃完會直接將所有東西、連同廚餘打包丟垃圾桶，但廚餘的水分會讓應該維持高溫焚化爐降低效率與壽命。確處理方法是將廚餘分開處理、餐盒容器沖洗多餘的油份後進行與紙容器回收，而筷子與橡皮筋則丟入一般垃圾。		144	A	"燃燒不完全造成戴奧辛

清洗乾淨或以衛生紙擦拭乾淨即可。
參考網站：https://rfmb.thenewslens.com/r-paper/article/125508"	便當打開會都是滿滿三色豆
塑膠吸管	Re-lab	吸管、手搖杯	◯	使用-民眾不知道如何回收		✕	"吸管-塑膠（PP/PE/PLA）
吸管套-塑膠（PE/LDPE）"		"吸管：塑膠（PP、PE、  PLA）
吸管套：塑膠（PE、LDPE）"	正確分類		直接就口喝，或者使用環保吸管（但如果你一年用沒幾次，還是別去買環保吸管）	"吸管-部分縣市|可回收
吸管套-一般垃圾"	可回收縣市：基隆市、新北市、南投縣、嘉義市、臺南市及金門縣	其他	1,2,5,6,7	"可回收：基隆市、新北市、南投縣、嘉義市、臺南市及金門縣
不可回收：其他16縣市"		-	-	吸管起源於1888年，當時為了避免喝特製冰涼的調酒時避免回溫而用麥桿吸飲，後來逐步改良材質後就成了現在的塑膠吸管。就算垃圾處理系統能處理多數的吸管，但使用量終究太大，以致流入環境、卡進海龜鼻孔中。雖然有許多城市號稱吸管可回收，但建議還是盡可能減少使用喔！		127	B		吸管一插就會裂開	30億根
鏡子	Re-lab	魔鏡、白雪公主	◯	使用-民眾不知道如何回收		◯	"鏡面-玻璃
鏡框-金屬/木頭"		"鏡面-玻璃
鏡框或支架-木、金屬"	正確分類			"鏡面-@鏡框
鏡框-一般垃圾"		不可回收	5	不可回收		-	-	魔鏡啊魔鏡，既然我不是最美的人，那我要把你拿去回收掉！休蛋幾咧！鏡子雖然主要是玻璃材質，但鍍上了硝化銀後其實就無法進入玻璃回收系統重新再製，建議直接丟入一般垃圾，或聯繫清潔隊以大型垃圾處理。但如果你的鏡子沒有得罪你，還是可以轉贈給其他需要的人更環保啦。		126	C		眼影會在最後一刻畫歪
泡泡紙	Re-lab	氣泡紙、防撞紙、網購包裝	◯	使用-民眾不知道如何回收		✕	"泡泡紙-塑膠（PE）
"		"袋子-塑膠（PE）
黏在上面的膠帶-塑膠"	正確分類			泡泡紙-一般垃圾		不可回收	5,6	不可回收		-	-	抱歉了錢錢，但我真的需要那酷東西。每到雙十一或是領薪水，你總會手滑嗎？隨著網購一起寄來的，常是包了又包的泡泡紙與防撞袋。雖然他們的材質都是塑膠，但是膜狀塑膠的再利用價值較低，只能壓縮後丟進一般垃圾中，或可以轉贈給需要的商家重複使用。		116	B		網購會一直寄錯超商
防撞乖乖粒	Re-lab	緩衝粒、網購防撞、網購包裝、EPE乖乖粒、Pchome、Momo、網路購物	◯	使用-民眾不知道如何回收	處理-價格誘因低	✕	防撞乖乖粒-塑膠（EPS/EPE）		塑膠（EPS、EPE、EPP）	正確分類			防撞乖乖粒-一般垃圾		不可回收	5,6	可回收		-	-	跟網購的泡泡紙、防撞袋一樣會混裝近網購紙箱內一粒粒的緩衝泡棉（俗稱乖乖粒），通常大家就跟商品的包裝一起拆開就丟入一般垃圾吧？ 其實這種材質是可以回收再利用，甚至可以再製成油漆塗料、減少製造過程的碳排放。下次看到紙箱裝有這些「乖乖」時，請讓他乖乖進到回收系統吧！		130	B		網購會一直寄錯超商
報紙	Re-lab		◯	使用-民眾不知道如何回收	處理-組成物品的材質複雜	✕	"報紙-紙、油墨
"		紙、油墨	壓扁或攤平、正確分類			報紙-廢紙類		可回收	2,5	可回收	無資料	-	-	走在路上拿到捷運站旁放的發的廣告或免費報紙，看完後的你可能隨手就丟進路旁的垃圾桶吧？但報紙主要的成分是紙類和大豆油墨其實是可以回收的，或許在家中或公司為了閱讀方便會裝訂釘書針，記得拆掉之後再回收喔！		99	A		捷運會坐過站
手提紙袋	Re-lab	手提袋、紙袋	◯			✕	"提把-紙
袋子-紙"		"提把-塑膠、紙
袋子-紙"	壓扁或攤平、撕除膠帶、正確分類			手提紙袋-廢紙類		可回收	1,5,6,7	可回收	無資料	-	-	大家都覺得「紙比較環保」而不拿塑膠袋。但即使紙袋可以回收、生物分解或製成堆肥、原料來源可再生，但是製造及運送紙袋所需的能源遠超過塑膠，而且紙袋的強度較差，可重複利用次數較少。所以「塑膠袋 vs. 紙袋 誰環保這問題其實沒標準答案。盡可能用多次點、自備環保袋或以手拿取代才是更環保哦！		141	A		拿到紙袋底部就會破掉
餅乾禮盒	Re-lab	餅乾盒、禮盒、喜餅、結婚喜餅	◯			複雜	"蓋子-鐵
內盒-塑膠（PE/PET/PS）
外盒-鐵
膠帶-塑膠"		"內盒-塑膠（PE、PET、 PS）
外盒- 馬口鐵、塑膠、紙、鐵
膠帶-塑膠"	分解零件、撕除膠帶、正確分類			"蓋子-廢鐵鋁容器
內盒-塑膠容器類
外盒-廢鐵鋁容器
膠帶-一般垃圾"		部分可回收	2,5,6	"內盒-可回收
外盒- 可回收
膠帶-不可回收"	"塑膠容器類：45.79%
廢鐵鋁容器：45.79%"	"廢塑膠容器：93.77%
廢紙容器：95.74%
廢鐵容器：45.79%"	"廢塑膠容器：93.77%
廢紙容器：95.74%
廢鐵容器：45.79%"	每到喜慶佳節時分你可能會想要送禮給身旁的親朋好友聊表心意，過去可能你會覺得精美華麗、層層疊疊的包裝是一種禮貌的表現，但如果你真的珍惜彼此的情誼、珍惜一起生存的地球，那你可以選擇減少印刷、包裝精簡、包材盡可能單一的產品。	G30是材質沒錯，I30是以目前的分類進行填寫	109	A		打開喜餅都是不喜歡的口味
塑膠湯匙	Re-lab	湯匙、一次性湯匙、外帶湯匙	◯			✕	塑膠湯匙-塑膠（PP）		不須拆解-塑膠（PP）	清洗、正確分類		自備環保餐具	塑膠湯匙-一般塑膠類		可回收	1,2,5,6,7	可回收	無資料	-	-	在使湯匙喝熱湯時，可以多注意回收標誌要是「5」號，才是耐熱達到100度的PP。而由PP材質製成的塑膠湯匙，在使用後只要經過擦拭或簡易清洗就可以跟廢塑膠一起回收。		80	B		外帶的東西會漏出來
盆栽	Re-lab	花盆、植物、多肉	◯			◯	"植物-生質
土-生質
花盆-塑膠"		"植物-生質
土-生質
花盆-陶瓷、塑膠、 玻璃...etc.
https://www.slvs.ntct.edu.tw/ischool/publish_page/4/?cid=10006"	清理、正確分類			"植物-生廚餘
土-生廚餘
花盆-一般塑膠類"		可回收	2,5,6	"花盆：
塑膠：不可回收
陶瓷：不可回收
玻璃：待確
"	無資料	-	-	當你整理「前」男／女友留在你家的東西時，你發現了窗前那盆栽，睹物思情的你還是巴不得讓他從你眼前消失。要丟到垃圾桶前先修但幾勒！盆栽的土跟植物屬於生質資源，簡單來說這株植物在回收系統跟你的心中都跟廚餘無異，應該丟到生廚餘桶化作堆肥的春泥更護花，而裝土的盆栽清洗後請回收喔。	"塑膠盆栽不可回收嗎？Q_Q
塑膠盆栽可以回收"	135	C		外帶的東西會漏出來
沐浴乳瓶罐	Re-lab	洗髮精、沐浴乳、潤髮乳	◯			◯	"壓頭-塑膠（PP）
塑膠瓶-塑膠（HDPE/PETG）"		"壓頭-塑膠（PP）
塑膠瓶-塑膠（HDPE、 PETG）"	清洗、分解零件、正確分類		使用包裝相對簡單的肥皂、或購買大容量的商品	"壓頭-塑膠容器類
塑膠瓶-塑膠容器類"		可回收	4	可回收	塑膠容器類：45.79%	廢塑膠容器：93.77%	廢塑膠容器：93.77%	用完的沐浴乳跟洗髮精容器怎麼處理呢？這些清潔用品的瓶身其實跟家庭號牛奶瓶一樣HDPE，無論是洗頭、潤絲、洗身體，用完的沐浴乳跟洗髮精瓶罐都可以回收。這些產品幫你去除髒污，用完後記得換你把它清乾淨再丟到回收桶喔。而補充包因為材質的緣故，只能丟入一般垃圾，所以到底誰比較環保...其實很難說。		144	A		洗身體就會用到洗髮精
洗面乳	Re-lab		◯			◯	"瓶蓋-塑膠（PP）
塑膠軟管-塑膠（PE）"		"瓶蓋-塑膠（PP）
塑膠軟管-塑膠（PE）"	清洗、分解零件、正確分類		使用包裝相對簡單的肥皂、或購買大容量的商品	"瓶蓋-塑膠容器類
塑膠軟管-塑膠容器類"		可回收	4	可回收	塑膠容器類：45.79%	廢塑膠容器：93.77%	廢塑膠容器：93.77%	洗面乳把你的臉洗乾淨，但用完後就換你把他洗乾淨。由PE塑膠製成管筒、PP塑膠製成蓋子的洗面乳多半是可以回收的材質，使用完畢的容器清洗後就可以依據上方是否有標注回收編號，以廢塑膠容器進行回收。		95	B		刷牙的時候會擠到洗面乳
濾水器濾芯	Re-lab	濾水器	◯			✕	濾水器濾芯-複合材質	外殼為塑膠（PP/AS）、過濾層含塑膠 PP 棉、活性碳、RO 膜等	"不須拆解-
過濾層：採多層材質，依序為PP棉、活性碳、RO膜
外殼：塑膠（PP、AS）"	正確分類			濾水器濾芯-一般垃圾		不可回收	3	不可回收		-	-	濾水器包含的結構複雜，中間可能使用了各種材料如活性碳、PP濾網等，這些物件材質複合、拆解困難，甚至使用後會吸附各種重金屬、髒污細菌與礦物質，所以即使外觀看起來只像是一條塑膠棒，使用後還是只能丟入一般垃圾處理，這聽起來是無法回收，但如果一支濾芯過濾的飲水可以超過3300罐瓶裝水的話也是功成身退呀！		148	C		唐老師的星座週運勢會漏掉你
免洗筷	Re-lab	竹筷、筷子	◯			◯	"封套-塑膠（PE）
筷子-竹"		"封套-塑膠（PE）
筷子-竹"	正確分類		自備環保餐具	"封套-一般垃圾
筷子-一般垃圾"		不可回收	1,2,3,6,7	不可回收		-	-	免洗筷可以回收嗎？坊間曾謠傳筷子尾端的刻痕數代表回收的次數，但謠言止於智者，生長快速、價錢便宜的竹子不會是刻意回收重複使用的資源。可是竹筷為了漂白定色常會以二氧化硫燻製，且加工製造的環境通常缺少滅菌的製程，免洗筷使用時溶出的物質不但影響風味更不利健康，建議平常自備環保餐具才是健康又衛生的選擇。		147	B		用免洗筷會被木屑刺到
優格杯	Re-lab	布丁杯	◯			◯	"封膜-複合材質
塑膠杯-塑膠（PS/PP）"	"封膜組成含塑膠（PET、 PA）、 鋁等
"	"封膜-採多層材質（含PET、 PA、 鋁等）
杯-塑膠（PS、PP）"	清洗、正確分類			"封膜-一般垃圾
塑膠杯-塑膠容器類"		部分可回收	1,2,3	"封膜-不可回收
杯-可回收"	塑膠容器類：45.79%	廢塑膠容器：93.77%	廢塑膠容器：93.77%	優格杯通常使用後經過清洗後，杯身可以跟其他塑膠一起回收，而複合材質又輕薄的封膜則該丟入一般垃圾。但回收後的塑膠通常會被降級成次等材料，並規定不可再製成食物容器，也就是：每個承裝食品的塑膠容器，都是用全新的石油製成的。		108	A		要吃優格時膜都撕不乾淨
小吃紙袋	Re-lab	雞排紙袋、紙袋、蔥油餅袋	◯			✕	小吃紙袋-紙		不需拆解-紙	正確分類		自備環保容器	小吃紙袋-一般垃圾		不可回收	1,2,3,6,7	不可回收		-	-	沾滿食物水份與油脂的炸雞紙袋回收效率差，就丟進一般垃圾一起燒毀吧！南無（合掌）許多人可能會有「紙比塑膠環保」的錯誤迷思，其實每一張紙其實都是砍伐林木、耗費許多能源與水製成。建議還是用減少垃圾的方式來吃垃圾食物吧（咦）		108	C		吐司掉地上時都是抹醬那面朝下
塑膠餐盒	Re-lab	塑膠盒、便當、外帶便當	◯	使用-民眾不知道如何回收		✕	塑膠餐盒-塑膠（PP）		不需拆解-塑膠（PP）	清洗、正確分類		自備環保容器	塑膠餐盒-塑膠容器類		可回收	1,2,3,6,7	可回收	塑膠容器類：45.79%	廢塑膠容器：93.77%	廢塑膠容器：93.77%	塑膠餐盒在食用後常會沾上各種油與醬汁，先以衛生紙簡單擦拭後沖洗，來增加回收時的品質，後續這些 PP 材質的塑膠都可以交由清潔人員以廢塑膠容器回收的。		74	B		便當打開會都是滿滿三色豆
信用卡	Re-lab	金融卡、提款卡、悠遊卡	◯			✕	信用卡-塑膠（PVC）		不需拆解-塑膠（PVC）	正確分類			信用卡-一般垃圾		不可回收	5	不可回收		-	-	由 PVC 塑膠製成的信用卡雖然在塑膠分類中為編號 3，但材質經常添加可塑劑，內部可能也很有一些金屬或磁性物質，所以即使不再使用也因為回收程序困難無法再利用，基於資訊安全請把卡片剪掉之後直接丟到一般垃圾吧。		103	C		信用卡會被盜刷
披薩盒	Re-lab	pizza盒、比薩紙盒、外帶	◯			◯	"盒子-紙
防油隔熱紙-淋膜紙
固定架-塑膠"		"盒子-紙
防油隔熱紙-淋膜紙
固定架-塑膠"	清理、正確分類			"盒子-紙容器類
防油隔熱紙-一般垃圾
固定架-一般塑膠類"		部分可回收	1,2,3,6,7	"盒子-可回收
防油隔熱紙-不可回收
固定架-可回收"	紙容器類：63.97%	廢紙容器：63.97%	廢紙容器：63.97%	與親朋好友們相聚時，你可能會叫幾盒香噴噴的披薩盒。但在杯盤狼藉之後，應該盡可能用餐具或紙巾刮下盒內剩餘的食物殘渣後，拆解攤平盒子後折疊集中，就可以以廢紙容器回收處理，而中間的三腳塑膠小支架擦去大多油份後也可與廢塑膠一同回收。	"油膩膩的可以嗎？
油膩的部分會在回收後處理"	112	A		披薩上面就會加鳳梨
水果網套	Re-lab	水果保護套、水果包裝、水蜜桃、水果防撞	◯			◯	"緩衝墊-塑膠（EPE/EPP/PS）
套袋-塑膠（PE）"		"緩衝墊-塑膠（EPE、EPP、 PS）
套袋-塑膠（PE）"	清理、正確分類			"緩衝墊-一般塑膠類
套袋-一般垃圾"		部分可回收	1,5	可回收	無資料	-	-	柔軟的水果常常會被套上各種顏色的發泡網套，以減少在運輸過程中碰撞造成的耗損，大家常常會將拆下的網套直接丟入一般垃圾桶中，但其實這些水果網套是可以完成簡單沖洗後收集回收的。如果數量太少可能會因為不符成本而不被特別回收，可以收集到一定的量之後再交由回收人員，或是寄給相關果農重複使用。		140	B		水果攤老闆會賣你比較貴
奶粉罐	Re-lab	營養品罐、幼兒食品	◯			◯	"蓋子-塑膠
鐵罐-馬口鐵"		"蓋子-塑膠
鐵罐-馬口鐵、鋁"	清洗、正確分類			"蓋子-一般塑膠類
鐵罐-廢鐵鋁容器"		可回收	2,3	"蓋子：可回收
罐子：可回收"	廢鐵鋁容器：45.79%	廢鐵容器：97.82%	廢鐵容器：97.82%	從嬰兒的奶粉到銀髮族的保健沖泡飲品，包裝很多會選用質輕的馬口鐵罐裝填，而鍍錫的主要目的是避免食品對馬口鐵的腐蝕。罐子的上方可能還有一個PP塑膠蓋，使用後經過沖洗後就分別可以廢鐵容器和塑膠回收囉。	L45 罐子不可回收？可以，我打錯，已改	97	A		吐司掉地上時都是抹醬那面朝下
打火機	Re-lab	賴打	◯			◯	"容器-塑膠
打火裝置-複合材質
燃料-碳氫化合物"	打火裝置包含塑膠及金屬	"容器-塑膠
打火裝置-塑膠、金屬
燃料-碳氫化合物"	排空內容物、正確分類	請朝逆風方向於空曠處排空內容物，勿以外力方式破壞	如果使用頻率高，建議使用可重複填裝的打火機	"容器-@打火裝置
打火裝置-一般垃圾
燃料-@打火裝置"		不可回收	1,5	不可回收：目前確認新竹縣不可回收		-	-	最常見的塑膠打火機在回收前應該將內容物用盡，如果仍有燃料殘留，需拿到空曠處排空後再進行回收，以保障清潔人員與系統的安全。但因為材質複雜，就無法回收了。在太平洋上的中途島，每年有許多信天翁誤食各種塑膠，包含打火機，選用可重複填充使用的打火機或許是一個永續環境的做法。		132	C		會錯過要等很久的那班公車
菸盒	Re-lab	煙盒、香菸盒	◯			◯	"封膜-塑膠（BOPP）
紙盒-紙
內紙襯-鋁、紙"		"封膜-塑膠（BOPP）
紙盒-紙
內紙襯-鋁紙"	分解零件、正確分類			"封膜-一般垃圾
紙盒-紙容器類
內紙襯-一般垃圾"		部分可回收	1,5,6	"封膜-可回收
紙盒-可回收
內紙襯-不可回收"	紙容器類：63.97%	廢紙容器：63.97%	廢紙容器：63.97%	香菸盒由內層的紙盒、盒內襯的鋁紙，跟最外層的塑膠包裝膜組成，包裝膜應該丟入一般垃圾，紙類則可以回收。但是，濃縮了香菸內焦油與尼古丁的菸蒂不只不能回收，一旦流入下水道也會釋出到水體內，影響生物生存，所以記得菸頭也不要亂丟喔。		111	A		會錯過要等很久的那班公車
紙尿布	Re-lab	尿布、嬰兒	◯			◯	"親膚層-棉
吸水層-塑膠
防水層-塑膠"		"親膚層-棉
吸水層-塑膠
防水層-塑膠"	正確分類			"親膚層-@吸水層
吸水層-一般垃圾
防水層-@吸水層"		不可回收	2,5	不可回收		-	-	粗估從嬰兒新生到戒掉尿布大約會產生 5,000 片的紙尿布。能夠不滲漏的紙尿布當然不是紙做的，內層的親膚層是透氣的不織布，內部的吸收體包含了高分子吸水材質與棉狀紙漿，最外層則是防水的PE外層，沾污與難以拆解的複合材質讓紙尿布必須以一般垃圾處理。市面上也有可重複使用的布尿布，能跟紙尿布交替使用喔。		148	C	出生每天約需要六到七片、半歲到兩歲半之間一天大約需要四到五片，可能因為每個孩子的適應狀況不同，在完全戒斷尿布約半年的緩衝時間一天約需要三到四片紙尿布。粗略換算估計，一個新生兒到完全戒掉尿布大約會產生5000片的紙尿布	吐司掉地上時都是抹醬那面朝下
醫療口罩	Re-lab	口罩、拋棄式口罩、疫情、covid	◯			複雜	"過濾層-塑膠（PP等）
鼻樑壓條-鐵絲/鋁/塑膠（PE）
彈性繩-尼龍"		"過濾層-塑膠（PP等）
鼻樑壓條-鐵絲、 鋁、 塑膠（PE）
彈性繩-尼龍"	正確分類			"過濾層-一般垃圾
鼻樑壓條-@過濾層
彈性繩-@過濾層"		不可回收	1,2,5,6	不可回收		-	-	海邊很常撿到廢棄口罩，但當然不是叫大家源頭減量少用口罩，而是大家需要妥善處理、小心遺失，避免成為環保和防疫的破口。一片口罩是由數層功能不一的不織布、金屬片和尼龍彈性繩製成，因為材質多元、不易處理與防疫考量，使用完的口罩無法回收，請將口鼻接觸處向內折好丟到一般垃圾吧！		133	C		口罩繩子就會斷掉
馬桶刷	Re-lab	浴室刷	◯			◯	"柄-塑膠（ABS/PP）
收納盒-塑膠（ABS/PP）
刷毛-塑膠"		"柄-塑膠（ABS、PP）
收納盒-塑膠（ABS、PP）
刷毛-塑膠"	正確分類			"柄-一般垃圾
收納盒-一般垃圾
刷毛-@柄"		不可回收	2,4	不可回收：新北市有明確提出不可回收，其餘縣市無說明		-	-	馬桶刷雖然全部都是塑膠製成，但因為材質不單一，且設計百百種。在新北市出版的垃圾分類手冊中被列為不可回收項目，使用後請丟入一般垃圾中處理。		68	C	https://www.epd.ntpc.gov.tw/UploadFile/DownloadArea/20190626145034600896.pdf	拉肚子會找不到衛生紙
立可帶	Re-lab	修正帶	◯			複雜	"滾筒-鐵
外殼-塑膠
彈簧-鐵"		"鐵滾筒-鐵
外殼-塑膠
彈簧-鐵"	分解零件、正確分類		使用可替換內芯的立可帶	"滾筒-一般垃圾
外殼-一般塑膠類
彈簧-一般垃圾"		部分可回收	5,6	可回收	無資料	-	-	由金屬滾筒、塑膠外殼、金屬彈簧組合成的立可帶，在使用完後，盡可能將金屬部份拆解下來另外回收，剩下的塑膠材質就可以與一般塑膠一起回收了。但塑膠回收後通常只能被降為次等材料，建議盡可能購買可更換替芯的立可帶。		102	C		原子筆寫沒兩次就會斷水
原子筆	Re-lab	筆	◯			◯	"筆管-塑膠
筆芯-塑膠
筆蓋-塑膠"		"筆管-塑膠
筆芯-塑膠
筆蓋-塑膠"	分解零件、正確分類		使用可替換內芯的原子筆	"筆管-一般塑膠類
筆芯-一般垃圾
筆蓋-一般塑膠類"	"可整體回收：台北市、新北市
但其餘縣市於一般塑膠類僅公告塑膠管。"	部分可回收	2,5,6	"筆管-可回收
筆芯-不可回收
筆蓋-可回收
可整體回收：台北市、新北市，有明確公告可回收。
但其餘縣市於一般塑膠類僅公告塑膠管。"	無資料	-	-	原子筆種類千百種，雖然沒辦法一言以蔽之說明怎麼回收，但硬塑膠的筆管跟筆蓋可以一般塑膠一起回收，但含有墨水與金屬筆頭的的筆管則需要從筆身拆下後丟到一般垃圾處理。但比起做好分類回收，盡可能先把家中免費得到的各種筆完、減少購買新的筆才是更環保的選擇啦！		123	B		原子筆寫沒兩次就會斷水
鉛筆	Re-lab	筆	◯			◯	鉛筆-石墨、木頭		不須拆解-石墨、木	正確分類			鉛筆-一般垃圾		不可回收	2,5,6	不可回收		-	-	雖然自動鉛筆的發明讓鉛筆不再是書寫的唯一選擇，但是無論是對初習字的學童或是繪畫創作者，鉛筆還是佔有不敗的一席之地。隨著時代的演變，鉛筆已經不含鉛，而是由木頭包裹石墨條製成。無論是削下來的鉛筆屑還是整支的筆都不能回收，直接丟進一般垃圾掩埋或燒毀吧。		123	B		鉛筆寫沒兩次就斷芯
牙刷	Re-lab	-	◯			◯	"刷毛-塑膠（PA）
刷柄-塑膠（PP等）"		"刷毛-塑膠（PA）
刷柄-塑膠（PP等）"	正確分類		使用竹柄的牙刷	"刷毛-@刷柄
刷柄-一般垃圾"		不可回收	4	不可回收		-	-	為牙刷廠商百家爭鳴開發出各種刷頭、刷毛設計，搭配各式的握柄，來因應消費者多樣的口腔清潔需求。但也因此牙刷的材質多元，複合材質無法被回收，只能以一般垃圾丟棄。如果想減少塑膠的使用，可改選購木竹製的牙刷，出遊時避免使用飯店提供的，使用年限較短的拋棄式牙刷。	"為什麼牙刷不能回收呢？
因為裡面屬於複合材質，非單一材質"	126	C		洗臉的時候會擠到牙膏
牙膏		-	◯			◯	"包裝軟管-塑膠（PE）
牙膏-牙膏
瓶蓋-塑膠（PP/PE）"		"包裝軟管-塑膠（PE）
殘留的牙膏-牙膏
瓶蓋-塑膠（PP、PE）"	分解零件、正確分類	將內容物清空，瓶蓋鎖緊		"包裝軟管-塑膠容器類
瓶蓋-塑膠容器類
牙膏-一般垃圾"		可回收	4	可回收	塑膠容器類：45.79%	廢塑膠容器：93.77%	廢塑膠容器：93.77%	國家地理頻道的統計，人的一生中會消耗掉將近300條牙膏。那使用後的牙膏該怎處理好呢？先再將管身剪開後用盡剩餘的牙膏，以清水清洗管身與蓋子後，就可以跟廢塑膠容器一起回收囉。雖然有廠商開始研發口腔清潔錠來取代牙膏，但距離普及可能還有一段時間，在這之前先一起好好回收牙膏容器吧！		136	B	"https://www.hsingchan.com.tw/product02.html

https://hwms.epa.gov.tw/dispPageBox/pubweb/pubwebCP.aspx?ddsPageID=RESOURCEANDRESOURCES&&dbid=3470362084"	洗臉的時候會擠到牙膏
透明雞蛋盒	RE-THINK	蛋盒	◯			◯	"盒體-塑膠（PET/PLA）
腰封-紙"		"盒體-塑膠（PET、PLA）、紙
腰封-紙"	清理、正確分類		可改去傳統市場等地購買無包裝食品	"盒體-塑膠容器類
腰封-廢紙類"		可回收	3,7	"盒體-可回收
腰封-可回收"	塑膠容器類：45.79%	廢塑膠容器：93.77%	廢塑膠容器：93.77%	魔鬼藏在細節裡，看起來單純的塑膠蛋盒其實材質很多種，比方有 PVC、PET、PLA 等。雖然這些材質都是丟入資源回收，但可生物分解的 PLA 因為在台灣沒有處理系統，只能被挑出後進入焚化處理。		96	B		打蛋時蛋殼會跑進去
透明塑膠袋	RE-THINK	提袋、塑膠袋	◯			✕	透明塑膠袋-塑膠（PE/PP）		不需拆解-塑膠（PE、PP ）	清理、正確分類		自備購物袋	透明塑膠袋-一般塑膠類		可回收	1,2,3,4,5,6,7	透明且材質單一可以回收	無資料	-	-	塑膠袋是我們生活中最頻繁被使用到的塑膠類型，但其實不是所有塑膠袋都能回收喔！回收心法就是：「透明、材質單一、外觀乾淨」，回收前確認乾淨，如外裝有貼紙就撕去，即可回收。反之，不透明、髒髒的塑膠袋則不可回收，也就是說，不可回收的塑膠袋還真不少啊。	"塑膠袋是有在回收，但回收率？（很多民眾反應，清潔隊根本直接丟一般垃圾）
塑膠袋的部分是可以回收的，但需要單一且透明的塑膠袋（https://hwms.epa.gov.tw/dispPageBox/pubweb/pubwebCP.aspx?ddsPageID=RESOURCEANDRESOURCES&&dbid=4098713924）"	121	A		便當打開會都是滿滿三色豆
薄塑膠盒	RE-THINK	小菜盒、菜市場塑膠盒	◯			✕	薄塑膠盒-塑膠（PE、PP）		不須拆解-塑膠（PE、PP ）	清理、正確分類		自備環保容器	薄塑膠盒-一般塑膠類		可回收	3,7	透明且材質單一可以回收	無資料	-	-	逛菜市場時常看到各種炸物、涼拌菜和甘蔗雞整齊陳列販售著，油潤鮮香在透明的包裝中一覽無遺。材質單純的塑膠盒能以一般塑膠類回收，但記得先倒掉湯汁洗去油脂。但據報導，這類的柏塑膠，有些也標示不清、材質不明，造成後續回收不易。如果可以，還是自備容器去購物吧！	文案好像有點衝突	125	C	"聽說薄片塑膠的回收率頗低?

翎：https://www.dep.gov.taipei/News_Content.aspx?n=CB6D5C560DE4D2DD&sms=72544237BBE4C5F6&s=D4A97ED3060003A0"	機車籃會被人家放垃圾
罐裝洋芋片		品客、零食	◯			◯	"蓋子-塑膠
瓶身-鋁箔+紙
底座-鋁"		"蓋子-塑膠
瓶身-鋁箔+紙
底座-鋁"	清理、分解零件、正確分類	底座連同瓶身回收即可，不需另外拆開		"蓋子-一般塑膠類
瓶身-紙容器
底座-金屬類"		可回收	2,5,6	"蓋子-可回收
瓶身+底座-可回收"	紙容器類：63.97%	廢紙容器：63.97%	廢紙容器：63.97%	目前已經有可以將鋁箔與紙類分離的技術，所以將內部的餅乾屑吃完或倒掉，將塑膠的上蓋移除。至於鋁製底座難以拆卸下來，就連同罐子一起回收處理吧！		69	B		打開洋芋片都會碎掉
袋裝洋芋片	RE-THINK	零食	◯			◯	袋裝洋芋片-複合材質	含塑膠（PET、PE）、鋁等	袋子- 多層材質（含PET、PE、鋁等）	正確分類			袋裝洋芋片-一般垃圾		不可回收	2,3	不可回收		-	-	包裝洋芋片為了遮光與防潮以維持食物品質，會在塑膠膜中複合一層鋁箔來組隔光線造成的氧化（冷知識：很貴的空氣也是為了防撞）。但這樣的包裝材質難以被分離，無法回收處理的末路就是只能丟入一般垃圾了。		95	C		打開洋芋片都會碎掉
化妝品瓶罐	RE-THINK	化妝品、保養品	◯	使用-民眾不知道如何回收	處理-組成物品的材質複雜	◯	"瓶身-玻璃
瓶蓋-塑膠（PP/PE）"		"瓶身：玻璃
瓶蓋：塑膠（PP、PE）"	清洗、分解零件			"瓶身-玻璃容器類
瓶蓋-一般塑膠類"		可回收	5	"瓶身：可回收
瓶蓋：可回收"	無資料	-	-	化妝台是否永遠缺一罐最新上市的化妝品呢？但同時閒置已久的化妝品已經在一旁長灰塵了？在使用後，比較恰當的處理方式是將有化學物質的化妝品倒入塑膠袋內作為「一般垃圾」丟棄、避免水源污染，容器拿去回收之前記得沖洗乾淨後以塑膠容器回收，也可捐給社福團體讓有需要的人繼續延續這些化妝品的價值。		140	B		眼影會在最後一刻畫歪
電子發票	RE-THINK	感熱紙發票	◯	使用-民眾不知道如何回收		✕	電子發票-複合材質	含隱性染料、發展劑、均勻色料的敏化劑、穩定劑、防水塗層、紙	不須拆解-含隱性染料、發展劑、均勻色料的敏化劑、穩定劑、防水塗層、紙	正確分類		申請電子載具	電子發票-一般垃圾		不可回收	1,5,6	不可回收		-	-	根據財政部統計數據，電子發票在 2019 年發行達 75 億張，而其中有接近 60 億被實體印出，但這些用感熱紙印製的發票會添加各種化學物質，所以這些似紙非紙的電子發票其實是不能夠回收的。建議可以使用電子載具，環保又可以省下對發票的時間。但是長條的一般紙本發票對獎完倒是要記得紙類回收喔！		144	C	根據財政部統計數據，電子發票在2016年發行達55億張，而其中有八成被印製成實體發票，但這些用感熱紙印製的發票為了達到防水、防油、防熱等效果，會添加隱性染料、發展劑、均勻色料的敏化劑等化學物質，	店員存載具都會失敗
廢棄藥品	RE-THINK	藥品、藥粉、藥	◯	使用-民眾不知道如何回收		◯	"鋁片-鋁
塑膠包裝-塑膠
藥品-藥"		"外包裝-採多層材質（含鋁、塑膠）
藥品"	正確分類	將剩餘的錠劑、膠囊從包裝中取出，並集中在夾鏈袋中密封，丟到一般垃圾		"鋁片-一般垃圾
塑膠包裝-一般垃圾
藥品-一般垃圾"		不可回收	5	不可回收		-	-	藥治好你的病，但隨意丟棄剩下的藥或沖入馬桶，就換地球生病了。藥水應倒入夾鏈袋，以少量清水沖洗藥水罐後將水也倒入夾鏈袋中；如果是錠劑或膠囊則從包裝中取出集中，以夾鏈袋密封丟到一般垃圾。剩下的空罐可回收，鋁箔藥錠包裝與膠囊則丟入一般垃圾。如果是抗生素、賀爾蒙或其他特殊藥劑，要交給原領藥機構處理。		146	C		看電影都會被後面的人踢椅背
膠囊咖啡	RE-THINK		◯	使用-回收前需要分離/沖洗	使用-民眾不知道如何回收	複雜	"封膜-複合材質
外殼-塑膠（PP）
內部濾網-鋁"	"封膜含鋁、塑膠
部分膠囊外殼為鋁製"	"封膜：塑膠
外殼：塑膠（PP）、 鋁（雀巢高級咖啡才有）
內部濾網：鋁"	正確分類	成本耗費高，願意處理的業者並不多，目前能被回收的膠囊咖啡其實很少，大多只能做為一般垃圾處理。	改買整包咖啡豆自己磨	"封膜-一般垃圾
外殼-塑膠容器類
內部濾網-一般垃圾"		不可回收	3	"封膜：不可回收
外殼：可回收
內部濾網：不可回收"	塑膠容器類：45.79%	廢塑膠容器：93.77%	廢塑膠容器：93.77%	膠囊咖啡雖然方便又快速，但在方便的背後卻會製造大量的垃圾，連膠囊咖啡的發明者約翰・希爾文（John Sylvan）都表示超後悔發明這項產品。這些容器的回收成本高，願意花心力成本處理的業者極少，大多只能做為一般垃圾處理，盡可能帶環保杯去購買或是自己沖泡，才是更環保、省錢又有生活趣味的選擇喔。	"政府有公告可回收嗎？或者是要給業者回收？Nexpresso的號稱全鋁？
沒有公告回收，有部分業者有自行回收（如：Nexpresso）"	145	C	沒有公告可回收，部分業者（如：Nespresso）有自行回收管道	吐司掉地上時都是抹醬那面朝下
隱形眼鏡	RE-THINK	日拋、週拋、月拋	◯	使用-民眾不知道如何回收		◯	"封膜-複合材質
塑膠容器-塑膠（PP）
鏡片-複合材質"	"封膜含鋁、塑膠
鏡片材質包含壓克力、矽氧樹脂、含氟聚合物"	"外盒：紙
盛裝容器：鋁、塑膠
鏡片：玻璃、塑膠

https://www.medpartner.club/contact-lenses-recycling-scheme/
https://hwms.epa.gov.tw/dispPageBox/pubweb/pubwebCP.aspx?ddsPageID=INFORMATION&dbid=409871772"	分解零件、正確分類			"封膜-一般垃圾
塑膠容器-一般塑膠類
鏡片-一般垃圾"		部分可回收	5	"上蓋：不可回收
塑膠托盤：可回收
鏡片：不可回收"	無資料	-	-	複合金屬的塑膠膜回收不易，應丟入一般垃圾，裝隱形眼鏡的容器可以一般塑膠回收。那隱形眼鏡的本體呢？由矽水膠製成的隱形眼鏡體積小、材質不容易回收，應以一般垃圾直接處理，別隨手丟進馬桶沖掉喔！改選擇月拋或季拋的隱形眼鏡，清潔保養可能相對麻煩，但可以減少很多一次性的垃圾喔！		133	C		一戴隱形眼鏡就會掉到洗手台
玩具	RE-THINK	玩具、模型、鋼彈	◯			◯	玩具-複合材質	含塑膠、木頭、鐵等	"不須拆解-
可能涵蓋材質（依玩具組成）：塑膠、鐵、不鏽鋼、橡膠、木頭"	正確分類		挑選可玩性高、可重複玩的玩具	玩具-一般垃圾		不可回收	5	不可回收		-	-	玩具百百種，通常會為了更多樣的顏色而添加許多的重金屬著色定色，或是製壓特殊的造型而加入塑化劑，這些玩具雖然材質是塑膠，但無法被有效回收，只能以一般垃圾處理。但丟棄前可以讓孩子將不再玩的玩具跟其他孩子分享或交換，可以減少孩子一下就玩膩了而吵著買新玩具，既環保又能結交好朋友呢！		137	C	（靠文案引導, 不建議自行拆解做材料回收，但是盡可能二手利用）	就會踩到樂高
鋁箔包	RE-THINK	利樂包、麥香、紅茶、綠茶、豆漿	◯			◯	"鋁箔包-複合材質（含紙、塑膠（PE）、鋁）
吸管-塑膠（PP/PE）
吸管套-塑膠（PP/PE）"		"鋁箔包：採多層材質（含紙、塑膠（PE）、鋁）
吸管：塑膠（PP、PE）
吸管套：塑膠（LDPE）"	分解零件、壓扁或攤平、正確分類			"鋁箔包-廢鋁箔包
吸管-一般垃圾
吸管套-一般垃圾"		部分可回收	1,2,6	"鋁箔包-可回收
吸管-參考23項次"	廢鋁箔包：59.65%	廢鋁箔包：97.91%	廢鋁箔包：97.91%	看似紙質的包裝裡夾層裡，有鋁箔之稱但其實鋁只佔整體包材的5%。為阻止氣體流通、隔離光線並延緩氧化，鋁箔跟飲料之間還隔著兩層塑膠。這個有紙、有塑膠膜又有鋁金屬的容器在回收時不屬於任何一方，而是獨立出來的廢鋁箔包類，因為需要在特別的工廠以特殊的工法將這些材質分離才能回收，所以一定要清洗壓扁後集中回收喔。		150	A		買鋁箔包都會沒附吸管
油漆桶		油漆	◯			◯	"油漆-油漆
油漆桶-鐵/鋁"		"油漆
油漆桶：鐵鋁、塑膠"	清洗、正確分類			"油漆-一般垃圾
油漆桶-廢鐵鋁容器"		可回收	5	可回收	廢鐵鋁容器：45.79%			塗刷完牆壁後難免會有油漆剩下，那麼剩下的油漆應該怎麼處理才對呢？首先應該先用報紙或破布將桶子中的油漆盡可能吸乾後丟入一般垃圾處理，依據空桶材質就可以交由回收人員回收囉。		84	A		就會坐到油漆未乾的椅子
補充包		補充包、沐浴乳、洗髮精、洗碗精、洗衣精	◯			◯	補充包-複合材質	含塑膠（PET、ONY、PE）	不須拆解-採多層材質（可能含PET、ONY、PE）	清洗、正確分類			補充包-一般垃圾		不可回收	5	不可回收				為了取代瓶罐、利於站立陳列，並達到遮光、耐磨、阻隔水分與空氣的效果，各種補充包材質會使用不同的塑膠，但也因此這樣的複合材質分解處理困難而無法回收。所以環保補充包真的環保嗎？其實沒有標準答案。國內外現在有部分業界嘗試建立自家產品容器的重複裝填回收系統，創造更永續的選擇喔。		135	C	http://ge-sen.com.tw/products_con.php?idept=6&pk=145	倒補充包的時候都會滴出來
高壓瓶	RE-THINK	噴霧罐、髮膠、殺蟲劑	◯			◯	"高壓瓶-鐵/鋁
瓶蓋-塑膠"		"不需拆解-鐵、鋁
瓶蓋-塑膠（PP、PE）"	排空內容物、正確分類	請朝逆風方向於空曠處排空內容物，勿以外力方式破壞		"高壓瓶-廢鐵鋁容器
瓶蓋-一般塑膠類"		不可回收	3,4,5	可回收	廢鐵鋁容器：45.79%	"廢鐵容器：97.82%
廢鋁容器：99.51%"	"廢鐵容器：97.82%
廢鋁容器：99.51%"	卡式瓦斯、殺蟲劑、噴漆等填入高壓的液體，回收前應確保內部填充物都已經排出，如果還有殘餘，應該帶到至空曠處並朝逆風方向將內容物排出，噴漆噴至廢布內後丟至一般垃圾，而且排出時不可敲打、壓扁、打洞或用火燒烤，應直接用原設計的噴口排出，否則很可能產生火花而爆炸。	https://www.dep.gov.taipei/News_Content.aspx?n=CB6D5C560DE4D2DD&sms=72544237BBE4C5F6&s=4D88A8815F80EA22	127	A		眼影會在最後一刻畫歪
旅行行李箱	RE-THINK	行李箱	◯	使用-民眾不知道如何回收		複雜	"拉桿-金屬/塑膠
箱體-布面/鋁鎂合金/塑膠
滑輪-塑膠"		"拉桿-金屬、 塑膠
箱體-布面 、鋁鎂合金 、塑膠（ABS、 PP等）
滑輪-塑膠"	正確分類			"拉桿-@箱體
箱體-部分縣市|可回收
滑輪-@箱體"	可回收縣市：台北市、新竹市、桃園市	其他	5	可回收縣市：台北市、新竹市、桃園市	無資料	-	-	台北市、新竹市、桃園市目前已公告行李箱可以直接回收，但其他城市則需要自行拆解回收後，依據材質種類將塑膠與金屬部分分開回收。但丟掉以前別忘記確認裡面藏的私房錢沒有忘記拿出來嘿！（如果有很多個行李箱要處理，需要先聯繫相關單位以大型垃圾處理喔）		119	B		出門都會忘記帶行動電源
奶油球	REnato lab	糖漿球、咖啡奶油球	◯	使用-民眾不知道如何回收	使用-回收前需要分離/沖洗	◯	"封膜-複合材質
奶油容器-塑膠"	封膜含塑膠（PET、PE）、鋁等	"封膜-採多層材質（含PET、鋁、PE等）
杯（小）-塑膠"	撕除封膜、正確分類			"封膜-一般垃圾
奶油容器-塑膠容器類"		部分可回收	1,3,7	"封膜-不可回收
杯（小）-可回收"	塑膠容器類：45.79%	廢塑膠容器：93.77%	廢塑膠容器：93.77%	上方含有少量金屬的塑膠膜以一般垃圾處理，下方的塑膠杯簡單沖洗後就可以廢塑膠回收。同理，糖漿球也比照處理。冷知識：其實多數的奶油球其實成分是氫化的植物油，除了不含奶的成分外，就健康角度也不一定是個好選擇，改購買大包裝的鮮乳還相對健康呢！		117	C		吐司掉地上時都是抹醬那面朝下
網購破壞袋	REnato lab	網購袋、網購包裝、Pchome、Momo、網路購物	◯			◯	"袋子-塑膠（PE）、
膠條-塑膠（PET/PVC）"		"袋子-塑膠（PE）、
膠帶-塑膠（PET、PVC等）"	正確分類			"袋子-一般垃圾
膠條-一般垃圾"		不可回收	2,3,5,6	不可回收	無資料	-	-	雙十一、黑色星期五，你購物了嗎？網購越發達，隨之垃圾量也以驚人的幅度成長。網購用的破壞袋通常會做成不透光的材質來避免包裝透出商品資訊而影響消費者的隱私，但混入染料的膜狀塑膠通常回收效率不佳，使用後只能丟入一般垃圾中。消費前區分想要、需要還是必要來延緩衝動購物才是環保省錢之道。	屬於複合性材料，無法回收	138	C		網購會一直寄錯超商
環保袋	REnato lab	購物袋	◯			◯	"袋子-塑膠（PE/PLA）
鈕扣-塑膠"		"袋子-塑膠（PE、 PLA等）
紐扣-塑膠"	分解零件、正確分類			"袋子-一般塑膠類
鈕扣-一般塑膠類"		可回收	1,2,3,4,5,6	可回收	無資料	-	-	你有想過「袋子就袋子，為什麼叫做環保袋」嗎？這年頭到處都說要環保，所以各個公部門、商家都開始贈送或販售輕薄的環保購物袋，你家中可能就累積了超過20個環保袋。這些環保袋的末路多半只能丟入一般垃圾。在製造的過程中也可能創造出比塑膠袋更多的環境污染，所以環保袋還是要選擇耐用，且真的要用很久，才是真環保喔。	"一般那種不織布的環保袋可以回收嗎？
不可回收，但有很多縣市有在做二次袋循環"	150	C		菜販老闆會算你比較貴
產品外包裝	REnato lab	外包裝	◯			◯	"紙盒-紙
塑膠膜-塑膠（PET）"		"紙盒-紙
塑膠膜-塑膠（PET）"	分解零件、正確分類			"紙盒-廢紙類
塑膠膜-一般垃圾"		部分可回收	3	不可回收		-	-	產品包裝百百種，最常見的是紙盒再加上外頭的塑膠封膜，紙盒可以回收，但是外頭的塑膠膜則無法。如果想要減少過度包裝產品而製造的垃圾，可以挑選包裝更簡潔或裸裝的產品，畢竟真的會陪伴著你一起生活、讓你感到滿足的大概都不是這些包裝吧？	"一般的塑膠膜（例如新手機、喜餅外包裝、新家電等）是否都不可回收？
不可回收，參考環保署及環保局公告保鮮膜不可回收的。我覺得這個需要討論一下"	112	C		同事揪吃飯都會忘記找你
衣物	問卷	衣服、外套、褲子	◯			✕	衣物-複合材質		不須拆解-尼龍、動物毛...	正確分類	區分乾淨舊衣物及破損舊衣物		衣物-舊衣回收箱		可回收	5	"乾淨舊衣物-可回收
破損舊衣物-不可回收，一般垃圾"	無資料	-	-	你是不是家中衣櫃永遠少一件？每到換季或新年就要買新衣嗎？從原物料生產、紡織品製造、服裝設計、運輸、零售等環節，時尚產業在每個環節中都會產生驚人的碳排放並污染水源土壤。雖然乾淨的衣服可以集中回收，但髒污破損的衣服只能以一般垃圾處理。在每個購買與丟棄前請想想，你真的少一件衣服嗎？		138	C	https://www.gvm.com.tw/article/36959	衣服都會穿反邊
生廚餘	問卷	廚餘、剩食	◯			✕	生廚餘-菜葉、果皮等		如菜葉、果皮等	正確分類	建議用「是否不適合豬隻食用」來判斷		生廚餘-生廚餘類		可回收	1,3,6,7	可回收	無資料	-	-	生菜葉、果皮、茶渣、貝殼、果核、落葉、花材等生廚餘經回收後通常會堆肥處理。丟到一般垃圾就資源錯置，而且可能造成焚化爐的負擔。目前建議丟棄前可以先參考地方公布回收訊息，因為處理方式會因各地處理設施不同而調整喔！		104	A		吐司掉地上時都是抹醬那面朝下
熟廚餘	問卷	廚餘、剩食	◯			✕	熟廚餘-剩飯殘羹等		經烹煮後的剩飯殘羹等	正確分類	建議用「是否適合豬隻食用」來判斷		熟廚餘-熟廚餘類		可回收	1,3,6,7	可回收	無資料	-	-	一般家庭的剩菜剩飯、魚、蝦、肉類或熟食等適合豬隻食用者以熟廚餘處理，經過加熱混合後就會製成養豬的飼料，所以不要將筷子、紙巾等非廚餘的雜物混入，多餘的湯湯水水要倒掉後再丟棄，更別直接丟入一般垃圾。目前建議丟棄前可以先參考地方公布回收訊息，因為處理方式會因各地處理設施不同而調整喔！		139	A		吐司掉地上時都是抹醬那面朝下
充電線	問卷	電線、iphone電線、手機電線	◯			✕	充電線-複合材質	含塑膠（PVC）、鋁、鐵、銅絲	不須拆解-含塑膠（PVC）、鋁、鐵、銅絲	正確分類			充電線-其他資源物		可回收	5	可回收	無資料	-	-	環保署在2008年10月已將手機充電器納入回收項目。家中如果有不要的手機充電器不可混入一般垃圾，必須分類為「回收資源」並交由清潔隊資源回收。若經清潔隊勸導後仍執意丟入垃圾車中，還會被處罰鍰，為了環保與錢包，無論是充電器還是充電線，都請一起做好回收吧！		125	B		手機會自體墜樓
瓷器	問卷	瓷	◯			✕	瓷器-陶瓷		不須拆解-陶瓷	包好、正確分類			瓷器-一般垃圾		不可回收	3,5,6	不可回收		-	-	雖然玻璃可以回收已經是深植在台灣人們心中的常識，但材質稍微相仿的瓷器其實是不能回收的材質。盡可能發揮創造力重複運用，延長它的價值，轉贈給需要的人或拿來種花、當收納小物可能都很棒。如果真的不再需要，請用報紙充分包裹後丟入一般垃圾中處理。		117	C		看電影都會被後面的人踢椅背
棉被枕頭	問卷	寢具	◯			✕	棉被枕頭-棉花、聚酯纖維		"不需拆解
枕頭內襯-棉花、
枕頭布-聚酯纖維、棉布"	正確分類			棉被枕頭-一般垃圾		不可回收	5	不可回收		-	-	因為乾淨的舊衣物因為可以回收，所以常讓人誤會棉被枕頭也可以，但目前是沒有在回收的。丟棄前可以先聯繫社會福利單位或流浪動物、野生動物照護單位，或許就能讓你的舊被子延續價值、照顧到更多的生命呢！		95	C		衣服都會穿反邊
木製品	問卷	木椅、木頭	◯			✕	木製品-木材		不須拆解-木材	正確分類			木製品-一般垃圾		不可回收	5,6	不可回收		-	-	不管是小朋友的積木、家中的木竹雕像擺飾，或是居家裝潢拆下的木頭隔間或傢俱零件，這些木製品因為回收再生困難，都無法被回收再利用，只能丟進一般垃圾，或聯繫大型廢棄物清運單位處理。但網路上有不少木製材料交換交流的社群，可以上網轉贈，或參考他們的 DIY 創意自己動手做，延續這些木材的價值。		142	B		腳的小拇指會踢到桌腳
鋁箔紙	問卷	鋁箔	◯			✕	鋁箔紙-鋁		不須拆解-鋁	正確分類			鋁箔紙-一般垃圾		不可回收	1,3	不可回收		-	-	為了避免燒焦、或想要保持蔬菜的濕潤口感，相信你會在烤肉時用鋁箔紙包裹調理，但使用後你會怎麼處理呢？薄薄的鋁箔紙雖然材質單純，但在使用後通常污損嚴重無法回收，只能丟入一般垃圾中處理了。		91	C		老闆會忘記你不要加香菜
洋蔥網袋	問卷	網袋、蒜頭網袋	◯			◯	"洋蔥網袋-塑膠（PET、PE）
"		不須拆解-塑膠（PET、PE）	正確分類			洋蔥網袋-一般塑膠類		可回收	3	可回收	無資料	-	-	由聚酯纖維製成的洋蔥網袋，只要確實將金屬釦環去除後就能與一般塑膠一同回收。但洋蔥網袋的用途多多，不論是拿來保存其他根莖類蔬菜、作為環保袋，或是帶到海邊淨灘撿垃圾時都非常方便。比起直接回收處理，運用小小智慧就能發揮更多的功用喔！	"回收率高嗎？
這個沒有實際數據"	113	B		菜販老闆會算你比較貴
光碟	問卷	光碟片、CD、DVD、VCD	◯			◯	光碟-金屬、塑膠片（PC）		不須拆解-含反射層金屬、光碟片基材塑膠片（PC）	正確分類			光碟-其他資源物		可回收	2,5,6	可回收	無資料	-	-	由 PC 塑膠製成的 CD 光碟片隨著雲端網路的發展逐漸式微，但無論是書刊的附件，或是各種3C產品購買時附上的驅動程式，甚至是高中時跟同學朋友偷偷交流謎片（？），大掃除時不難在家中各角落發現這些廢棄的光碟片。可以帶到便利超商交由門市人員秤重回收，還能折抵優惠呢。		131	A		光碟都會被刮傷
絨毛玩偶	問卷	玩偶、夾娃娃機	◯			✕	絨毛玩偶-棉花、纖維布		不須拆解-棉花、纖維布	正確分類			絨毛玩偶-一般垃圾		不可回收	5	不可回收		-	-	近年夾娃娃機似乎又再度風行，放學下班總讓不少人駐足瞻望有什麼吸睛的新貨。看似小硬幣就可以搏大獎，10 元在手希望無窮。絨毛玩偶裡面塞的多半都是聚酯纖維的塑膠填充物，無法被回收，只能丟進一般垃圾處理，或清洗後看相關社福團體是否有需要。		116	C		夾娃娃都夾不到想要的
鞋	問卷	鞋子、跑鞋、籃球鞋	◯			✕	鞋-複合材質		"不須拆解-
鞋底：橡膠、PU、熱塑性彈性體（ TPR、TPU）、塑膠（ EVA、 PVC）
鞋面：皮革、麂皮、合成皮（棉布、聚酯纖維、榔皮、複合皮）、布料（麻、棉、聚脂纖維）
"	正確分類			鞋-一般垃圾		不可回收	5	不可回收		-	-	不只有衣櫃，你的鞋櫃是不是也永遠缺一雙鞋呢？但一雙鞋你會穿多久呢？面料材質多元甚至複合各種材質鞋底的鞋子，很可惜的不能夠被回收，只能以一般垃圾丟棄處理。買一雙新鞋前想想，是不是已經有類似的可以物盡其用。		101	C		走路都會踩到口香糖
瑜珈墊	問卷	軟墊	◯			✕	瑜珈墊-塑膠（PVC）/|熱塑性彈性體（TPE）/橡膠		不須拆解-塑膠（PVC）、熱塑性彈性體（TPE）、橡膠	正確分類			瑜珈墊-一般垃圾		不可回收	5	不可回收		-	-	近年瑜珈風潮也帶動了周邊產品的製造。目前市佔率最高的瑜珈墊材質是分類代碼3號的 PVC 塑膠，經常會添加塑化劑讓產品更佳的柔軟，也因此讓回收困難。如果損壞不再使用，只能以一般垃圾丟棄。近年也開始有其他替代材質的瑜珈墊問世，但可能還是要先確認一下是什麼材質。		128	B		瑜珈老師都不給你大休息
衛生紙包裝	問卷	衛生紙塑膠包裝、抽取式衛生紙	◯			✕	衛生紙包裝-塑膠（PE/PP）		不須拆解-塑膠（PE、PP）	正確分類			衛生紙包裝-一般塑膠類		可回收	5,6	可回收	無資料	-	-	抽取式衛生紙用完後，包裝你是不是想說無法回收，可以直接丟入一般垃圾就好？敢按呢？以 PP 塑膠膜製成的抽取式衛生紙材質單純、髒污少，其實是可以回收的，下次衛生紙用完後可別直接丟入一般垃圾中呀。		96	A		鼻子過敏時會找不到衛生紙
耳機	問卷		◯			◯	耳機-複合材質		不須拆解-含矽膠、聚氨酯、銅線、銀線、PVC、TPE	正確分類			耳機-其他資源物		可回收	5	可回收	無資料	-	-	換成無線耳機後，你的有線耳機就在抽屜裡長灰塵嗎？如果不再需要或壞掉，先不要丟到垃圾桶！環保署已與15家通訊業者合作，無論有線無線，只要在貼有手機回收宣導標誌的門市就可將耳機拿去回收囉。		92	B		藍牙耳機會掉一個
帳單信封	問卷	信封袋	◯			◯	"信封紙袋-紙
塑膠膜-塑膠（BOPP）"		"信封紙袋：紙
塑膠膜：塑膠（BOPP）"	分解零件、正確分類			"信封紙袋-廢紙類
塑膠膜-一般垃圾"		部分可回收	2,5,6	"信封紙袋：可回收
塑膠膜：不可回收"	無資料	-	-	紙製的信封與內裝的信件或廣告請記得以紙類回收，並在回收前盡可能將方便查看收件人資訊而黏附的薄塑膠膜拆下丟下一般垃圾桶。隨著科技越來越進步，其實帳單很多都已經電子化，申請線上繳款快速方便又環保，有些還能有手續費優惠呢！		108	A		帳單都會遲繳
橡皮筋	問卷	樹奶	◯			✕	橡皮筋-橡膠		不須拆解-橡膠	正確分類			橡皮筋-一般垃圾		不可回收	1,2,3,6	不可回收		-	-	每當學校或公司叫便當來吃時，大概都會製造很多條橡皮筋。這些橡皮筋不能被回收，只能以一般垃圾丟棄，但即使如此橡皮筋也不要拿來射同學，會成為變相的亂丟垃圾。可以收集乾淨的橡皮筋再交給便當店老闆，讓一次性的橡皮筋重複使用更環保。		111	C		用橡皮筋的時候都會斷掉
不織布提袋	問卷	超商外帶提袋	◯			✕	不織布提袋-塑膠（PP等）		不須拆解-塑膠（PP等）	正確分類		自備環保袋	不織布提袋-一般垃圾		不可回收	1,6	不可回收		-	-	民國91年，環保署推動購物用塑膠袋減量措施，規定指定的商家與單位不能免費提供塑膠提袋，其中就包含連鎖便利商店。但不織布提網卻因為材質跟名稱不同，至今躲過規範的限制在便利商店流通著。這些不織布無法被回收，使用後只能丟到垃圾桶中。		113	C		外帶的東西會漏出來
廣告傳單	問卷	紙	◯			◯	廣告傳單-紙		不須拆解-紙	正確分類			廣告傳單-一般垃圾		不可回收	1,2,6	可回收		-	-	像是上亮面名片與某些特殊廣告傳單等，經過淋膜處理程序的紙類，外觀雖然看起來是一般的紙類，但複合了塑膠材質後其實會影響紙類回收的效率與再生的品質，應該以一般垃圾處理。而護貝後的紙張即使撕除護貝膠紙面上還是會有留下殘膠，所以也是只能丟入一般垃圾喔！		122	B		信箱會被廣告紙塞爆
釘書針			◯			◯	釘書針-鍍鋅鐵線		不須拆解-鍍鋅鐵線	包好、正確分類	請搜集多一點的量，包成一包，提高被回收的可能！	使用無針釘書機	釘書針-其他資源物		可回收	2,6	可回收	無資料	-	-	釘書針雖然很小，但其中鍍鋅鐵線在材質本身是可以回收的，如果你已經修煉成環保回收魔人、收集到一定的量，或許能試著創造回收價值、交由回收處理（但依照不同地區和回收狀態，無法不一定 100% 可行）又或者，可選用無針的釘書機減少不必要的資源浪費。	"蒐集到一定的量？最後要怎麼做？裝袋？
蒐集到一定的量再交付出去，這個比較屬於小量且回收價值不高，容易被當成一般垃圾"	120	B		釘書針都會沒釘好
口紅			◯			◯	"口紅-口紅
塑膠容器-塑膠（ABS等）"		"口紅
塑膠容器：塑膠（ABS等）"	清理、分解零件、正確分類			"口紅-一般垃圾
塑膠容器-一般塑膠類"		部分可回收	5	可回收	無資料	-	-	口紅這東西，總是難找到那個命定色吧？無論是用完與否，口紅的容器清空內容物後，就可以依據材質進行分類回收，也可以捐助給社福團體舉辦公益彩妝教學活動或義賣哦！		77	C		口紅會斷在管子裡
棉花棒			◯			◯	"棉花-棉花
塑膠軸-塑膠（PP）"		"棉花
塑膠軸：塑膠（PP）、紙"	正確分類		使用紙軸的棉花棒	"棉花-@塑膠軸
塑膠軸-一般垃圾"		不可回收	4,5	不可回收		-	-	海邊淨灘時常會撿到棉花棒的塑膠軸，大概很少人到海邊使用棉花棒然後丟棄，而是由陸源活動和垃圾掩埋場流出。塑膠軸的棉花棒太輕薄短小，還可能粘著難以拆解天然的棉花，所以難以回收，使用後只能直接丟入一般垃圾。如果想減塑，你可以選購木竹軸或是紙軸的棉花棒。		123	C		棉花用一次就會脫落
碎紙		紙	◯			✕	碎紙-紙		不須拆解-紙	正確分類			碎紙-廢紙類		可回收	2,6	可回收	無資料	-	-	辦公室碎紙機製造的碎紙大家都怎麼處理呢？除了可以作為寄送產品的緩衝墊料外，也能以廢紙類回收。但如果想讓這些碎紙順利製成再生紙，記得避免不小心混入訂書針跟膠帶，也小心不要混入無法回收的複合紙材如亮面名片、護貝紙、特殊加工的傳單、輸出大圖跟上亮膜的貼紙，影響回收製程。	"碎紙可回收啊？
單一紙類都可以回收"	132	B		同事揪吃飯都會忘記找你
碎玻璃			◯			✕	碎玻璃-玻璃		不須拆解-玻璃	包好、正確分類			碎玻璃-一般垃圾		不可回收	1,2,3,4,5,6	不可回收		-	-	「沒事沒事，碎碎平安啦」安撫著不小心摔破玻璃杯的人是你的體貼，但記得要將破掉的玻璃用報紙層層包好封上膠帶，並在外免註記「尖銳物」後再丟入一般垃圾，才能讓垃圾場的清潔人員也能工作平安喔。		92	C		看電影都會被後面的人踢椅背
拖把			◯			✕	"握把-鋁/木材/塑膠
拖把頭-纖維"		"握把：鋁、木材、塑膠
拖把頭：纖維"	正確分類			"握把-一般垃圾
拖把頭-@握把"		不可回收	1,2,4,6	"台北市：無須拆解，直接交給清潔隊。
其餘先是需自行拆解，僅回收金屬握把"	無資料			再神的拖把都有壞掉的一天，聚酯纖維的布面無法回收，只能丟進一般垃圾桶。是說，垃圾車沒練過吞劍，木柄請拆下後另外交給清潔人員，但如果拖把桿是金屬的話可以交由回收處理。		82	B		腳的小拇指會踢到桌腳
梳子			◯			◯	塑膠梳子-塑膠（尼龍/PP等）		不須拆解-塑膠（尼龍、PP等）、矽膠、木材	正確分類			塑膠梳子-一般垃圾		不可回收	4	不可回收		-	-	由塑膠（尼龍、PP）、矽膠、木材製成的塑膠梳子因為材質多元、組成複雜，通常無法被仔細拆解後處理，只能丟到一般垃圾中一起燒～毀～		63	B		頭髮會打結
輕便雨衣		雨衣	◯			◯	"雨衣-塑膠（PET/PVC等）
伸縮繩-棉、塑膠（PET等）"		"雨衣：塑膠（PET、PVC等）
伸縮繩：棉、塑膠（PET）等"	分解零件、正確分類			"雨衣-一般塑膠類
伸縮繩-一般垃圾"		部分可回收	1,2,5	可回收	無資料	-	-	其實輕便雨衣可以回收，乾淨的輕便雨衣其實就是放大版的塑膠袋，只要清理明顯髒污如土壤等，接著抽去塑膠束口繩，就可以廢塑膠類回收，但這些雨衣回收後也只能降級成次等材料，無法被有效再生。如果常碰上下雨，不如自備重複性雨衣，防水、耐用、也更環保。	"膜袋類塑膠有在回收？但回收率如何？
塑膠袋可回收的部分是透明、材質單一、沒有汙損皆可回收，沒有回收數據"	119	B		一穿好雨衣雨就會停了
枯枝落葉		落葉、樹枝	◯			✕	枯枝落葉-落葉、木材		不須拆解-落葉、木材	正確分類			枯枝落葉-堆肥		可回收	2	可回收	無資料	-	-	看著樹葉片片掉落，如此詩情畫意——只要你不是那個要負責掃樹下落葉的人的話。其實，這些落葉可視同生廚餘，收集成袋後單獨交由清潔人員，後會經過堆肥製程處理，就能化作更護花的春泥。但大型的倒木須另行聯絡清潔人員處理喔。		106	A		老闆會忘記你不要加香菜
彩色筆		色筆	◯			◯	"筆桿-塑膠
筆蓋-塑膠
筆芯-塑膠"		"筆桿：塑膠
筆蓋：塑膠
筆芯：塑膠"	分解零件、正確分類			"筆桿-一般塑膠類
筆蓋-一般塑膠類
筆芯-一般垃圾"		部分可回收	2,5,6	"塑膠筆桿-可回收
塑膠筆蓋-一般塑膠
筆芯-不可回收"	無資料	-	-	彩色筆看起來材質單純，應該可以回收吧？你忘了裡面還有筆芯嗎！轉開筆管取出筆芯、抽出筆頭並丟入垃圾桶後就可以將塑膠筆管與一般塑膠一起回收囉。做好簡單分類，讓後端處理更方便。		85	B		同事揪吃飯都會忘記找你
滑鼠			◯			✕	滑鼠-複合材質	"滑鼠線材：含塑膠（PVC）、銅絲
PCB多層板：玻璃纖維、環氧樹脂
外殼：塑膠（ABS等）"	"不須拆解
滑鼠線材：含塑膠（PVC）、銅絲
PCB多層板：玻璃纖維、環氧樹脂
外殼：塑膠（ABS等）"	正確分類			滑鼠-部分縣市|可回收	可回收縣市：臺北市、新北市	其他	6	"可回收-台北市、新北市
不可回收-其他縣市"	無資料	-	-	無論是近年使用的雷射滑鼠、藍芽滑鼠，還是幾乎快可以送到博物館的滾球滑鼠，那些損壞或不再使用的滑鼠你可能會直接丟進一般垃圾處理掉吧？但如果在台北市、新北市，這些滑鼠不需將線材跟零件拆下，直接以「廢資訊物品」回收，經過分類、破碎後就更有機會踏上重生之路。		125	B		USB要插三次才會成功
手機殼		保護殼、犀牛盾	◯			✕	手機殼-熱塑性彈性體（TPU）|/矽膠/塑膠（PC）		不須拆解：熱塑性彈性體（TPU）、矽膠、塑膠（PC）	正確分類			手機殼-一般垃圾		不可回收	5	不可回收		-	-	當買一支新手機時，大多數人可能不忍心讓寶貝手機赤裸裸面對各種意外，有些人喜歡多元外觀而常常換新殼。為了多樣需求，手機殼可能會使用 TPU 塑膠、矽膠、PC 塑膠等各種材料並複合其他材質，如果不再使用也無法回收，只能丟到一般垃圾中處理。	材質名稱重複	117	C		USB要插三次才會成功
保鮮膜			◯			✕	保鮮膜-塑膠（PE/PVC/PVDC）		"不須拆解
塑膠（PE、PVC、PVDC、PMP）"	正確分類		使用蜂蠟布、或保鮮盒	保鮮膜-一般垃圾		不可回收	1,3,7	不可回收		-	-	"市售的保鮮膜材質多元，輕薄透明的外觀即使是老行家也不容易一時之間分辨材質，甚至在使用過程中容易沾污到各種油水湯汁，這些因素都讓保鮮膜無法被有效回收，只能以一般垃圾處理。

如果想減少保鮮膜的使用，可以改用保鮮盒、天然的蜂蠟布或可重複使用的矽膠保鮮膜。"		125	C		保鮮膜會沒撕好破掉
塑膠牙線棒			◯			✕	塑膠牙線棒-塑膠（PE/PS）		"不須拆解：
線材：塑膠（PE）
握柄：塑膠（ PS）"	正確分類		使用牙線、或天然蠶絲牙線	塑膠牙線棒-一般垃圾		不可回收	1,4	不可回收		-	-	每支牙線棒平均大概只會在你口中停留不到一分鐘，但太沒經濟價值所以不被回收，後續掩埋後卻可能在環境中停留一百年。一次性塑膠的使用可以減，但口腔的保健不能少，建議可以改用像是牙線、或天然的蠶絲牙線代替。		99	C		老闆會忘記你不要加香菜
